ID,Name,City,Region,Applied,Admitted,Enrolled
ABRAHAM LINCOLN HIGH SCHOOL52910,ABRAHAM LINCOLN HIGH SCHOOL,San Francisco,San Francisco,124,44,12
ABRAHAM LINCOLN HIGH SCHOOL53075,ABRAHAM LINCOLN HIGH SCHOOL,San Jose,Santa Clara,50,16,3
ACADEMY OF THE CANYONS53262,ACADEMY OF THE CANYONS,Santa Clarita,Los Angeles,58,33,11
ACADEMY OUR LADY OF PEACE52820,ACADEMY OUR LADY OF PEACE,San Diego,San Diego,61,27,8
ACALANES HIGH SCHOOL51315,ACALANES HIGH SCHOOL,Lafayette,Contra Costa,71,27,4
ADOLFO CAMARILLO HIGH SCHOOL50438,ADOLFO CAMARILLO HIGH SCHOOL,Camarillo,Ventura,80,21,5
ADRIAN C WILCOX HIGH SCHOOL53276,ADRIAN C WILCOX HIGH SCHOOL,Santa Clara,Santa Clara,86,27,5
AGOURA HIGH SCHOOL50003,AGOURA HIGH SCHOOL,Agoura Hills,Los Angeles,97,32,4
ALAMEDA HIGH SCHOOL50005,ALAMEDA HIGH SCHOOL,Alameda,Alameda,134,35,6
ALAMEDA SCIENCE & TECHLGY INST50029,ALAMEDA SCIENCE & TECHLGY INST,Alameda,Alameda,28,11,4
ALBANY HIGH SCHOOL50035,ALBANY HIGH SCHOOL,Albany,Alameda,106,38,5
ALEXANDER HAMILTON HIGH SCHOOL51525,ALEXANDER HAMILTON HIGH SCHOOL,Los Angeles,Los Angeles,95,33,6
ALHAMBRA HIGH SCHOOL50050,ALHAMBRA HIGH SCHOOL,Alhambra,Los Angeles,118,38,10
ALISO NIGUEL HIGH SCHOOL51324,ALISO NIGUEL HIGH SCHOOL,Aliso Viejo,Orange,177,56,14
ALLIANCE DR OLGA MOHAN HIGH SC51779,ALLIANCE DR OLGA MOHAN HIGH SC,Los Angeles,Los Angeles,15,6,3
ALTA LOMA HIGH SCHOOL50077,ALTA LOMA HIGH SCHOOL,Alta Loma,San Bernardino,68,17,6
AMADOR VALLEY HIGH SCHOOL52495,AMADOR VALLEY HIGH SCHOOL,Pleasanton,Alameda,240,70,15
AMERICAN HIGH SCHOOL50974,AMERICAN HIGH SCHOOL,Fremont,Alameda,222,78,16
ANN SOBRATO HIGH SCHOOL53906,ANN SOBRATO HIGH SCHOOL,Morgan Hill,Santa Clara,64,23,5
APPLE VALLEY HIGH SCHOOL50118,APPLE VALLEY HIGH SCHOOL,Apple Valley,San Bernardino,35,8,4
ARAGON HIGH SCHOOL53163,ARAGON HIGH SCHOOL,San Mateo,San Mateo,139,41,7
ARCADIA HIGH SCHOOL50130,ARCADIA HIGH SCHOOL,Arcadia,Los Angeles,366,128,27
ARCHBISHOP MITTY HIGH SCHOOL53078,ARCHBISHOP MITTY HIGH SCHOOL,San Jose,Santa Clara,173,64,8
ARLETA HIGH SCHOOL50068,ARLETA HIGH SCHOOL,Arleta,Los Angeles,35,9,3
ARNOLD O BECKMAN HIGH SCHOOL51267,ARNOLD O BECKMAN HIGH SCHOOL,Irvine,Orange,266,83,16
ARROYO HIGH SCHOOL50830,ARROYO HIGH SCHOOL,El Monte,Los Angeles,56,16,6
ARROYO HIGH SCHOOL53125,ARROYO HIGH SCHOOL,San Lorenzo,Alameda,55,20,4
ATTACHED MIDDLE SCH JIANGXI U694449,ATTACHED MIDDLE SCH JIANGXI U,,,29,5,3
AZUSA HIGH SCHOOL50188,AZUSA HIGH SCHOOL,Azusa,Los Angeles,32,15,10
BALBOA HIGH SCHOOL52916,BALBOA HIGH SCHOOL,San Francisco,San Francisco,57,22,5
BASIS SCOTTSDALE CHARTER SCH30660,BASIS SCOTTSDALE CHARTER SCH,Scottsdale,AZ,22,18,4
BEIJING NATIONAL DAY SCHOOL694342,BEIJING NATIONAL DAY SCHOOL,,,155,53,10
BEIJING NEW ORIENTAL YANGZHOU694407,BEIJING NEW ORIENTAL YANGZHOU,,,48,12,3
BEIJING ROYAL SCHOOL694209,BEIJING ROYAL SCHOOL,,,61,13,4
BELLA VISTA HIGH SCHOOL50912,BELLA VISTA HIGH SCHOOL,Fair Oaks,Sacramento,41,10,4
BELLARMINE COLLEGE PREPARATORY53080,BELLARMINE COLLEGE PREPARATORY,San Jose,Santa Clara,119,39,3
BEN LIPPEN SCHOOL410501,BEN LIPPEN SCHOOL,Columbia,SC,7,6,3
BENICIA HIGH SCHOOL50280,BENICIA HIGH SCHOOL,Benicia,Solano,65,25,8
BENTLEY SCHOOL51300,BENTLEY SCHOOL,Lafayette,Contra Costa,36,14,3
BERKELEY HIGH SCHOOL50290,BERKELEY HIGH SCHOOL,Berkeley,Alameda,252,90,11
BEVERLY HILLS HIGH SCHOOL50320,BEVERLY HILLS HIGH SCHOOL,Beverly Hills,Los Angeles,105,37,4
BISHOP ALEMANY HIGH SCHOOL52898,BISHOP ALEMANY HIGH SCHOOL,Mission Hills,Los Angeles,58,14,3
BISHOP AMAT MEMORIAL HS51362,BISHOP AMAT MEMORIAL HS,La Puente,Los Angeles,60,23,7
BISHOP MONTGOMERY HIGH SCHOOL53512,BISHOP MONTGOMERY HIGH SCHOOL,Torrance,Los Angeles,62,16,4
BISHOP ODOWD HIGH SCHOOL52185,BISHOP ODOWD HIGH SCHOOL,Oakland,Alameda,116,34,7
BLOOMINGTON HIGH SCHOOL50348,BLOOMINGTON HIGH SCHOOL,Bloomington,San Bernardino,55,6,3
BOLSA GRANDE HIGH SCHOOL51028,BOLSA GRANDE HIGH SCHOOL,Garden Grove,Orange,103,34,13
BONITA HIGH SCHOOL51370,BONITA HIGH SCHOOL,La Verne,Los Angeles,86,28,4
BONITA VISTA HIGH SCHOOL50572,BONITA VISTA HIGH SCHOOL,Chula Vista,San Diego,81,35,18
BRANHAM HIGH SCHOOL53082,BRANHAM HIGH SCHOOL,San Jose,Santa Clara,83,20,4
BREA OLINDA HIGH SCHOOL50370,BREA OLINDA HIGH SCHOOL,Brea,Orange,69,19,4
BROOKLYN TECHNICAL HIGH SCHOOL330630,BROOKLYN TECHNICAL HIGH SCHOOL,Brooklyn,NY,34,20,4
BUENA HIGH SCHOOL53647,BUENA HIGH SCHOOL,Ventura,Ventura,20,10,3
BURBANK SENIOR HIGH SCHOOL50385,BURBANK SENIOR HIGH SCHOOL,Burbank,Los Angeles,102,30,4
BURLINGAME HIGH SCHOOL50410,BURLINGAME HIGH SCHOOL,Burlingame,San Mateo,120,37,5
C K MCCLATCHY HIGH SCHOOL52705,C K MCCLATCHY HIGH SCHOOL,Sacramento,Sacramento,68,23,5
CAJON HIGH SCHOOL52773,CAJON HIGH SCHOOL,San Bernardino,San Bernardino,73,17,4
CALEXICO HIGH SCHOOL50425,CALEXICO HIGH SCHOOL,Calexico,Imperial,76,29,13
CALIFORNIA ACAD MATH & SCIENCE50491,CALIFORNIA ACAD MATH & SCIENCE,Carson,Los Angeles,122,71,20
CALIFORNIA HIGH SCHOOL53229,CALIFORNIA HIGH SCHOOL,San Ramon,Contra Costa,204,87,23
CALIFORNIA HIGH SCHOOL53755,CALIFORNIA HIGH SCHOOL,Whittier,Los Angeles,65,20,5
CAMPOLINDO HIGH SCHOOL52058,CAMPOLINDO HIGH SCHOOL,Moraga,Contra Costa,85,36,10
CANYON CREST ACADEMY50893,CANYON CREST ACADEMY,San Diego,San Diego,300,150,35
CANYON HIGH SCHOOL52267,CANYON HIGH SCHOOL,Anaheim,Orange,122,38,12
CANYON HIGH SCHOOL53341,CANYON HIGH SCHOOL,Canyon Country,Los Angeles,32,15,4
CANYON SPRINGS HIGH SCHOOL52059,CANYON SPRINGS HIGH SCHOOL,Moreno Valley,Riverside,53,24,9
CAPISTRANO VALLEY CHRSTN SCH53114,CAPISTRANO VALLEY CHRSTN SCH,San Juan Capistrano,Orange,10,3,3
CAPISTRANO VALLEY HIGH SCHOOL51968,CAPISTRANO VALLEY HIGH SCHOOL,Mission Viejo,Orange,84,33,5
CAPUCHINO HIGH SCHOOL52810,CAPUCHINO HIGH SCHOOL,San Bruno,San Mateo,46,12,4
CARLMONT HIGH SCHOOL50270,CARLMONT HIGH SCHOOL,Belmont,San Mateo,220,67,14
CARLSBAD HIGH SCHOOL50472,CARLSBAD HIGH SCHOOL,Carlsbad,San Diego,104,48,13
CARONDELET HIGH SCHOOL50656,CARONDELET HIGH SCHOOL,Concord,Contra Costa,38,14,3
CASTLE PARK HIGH SCHOOL50573,CASTLE PARK HIGH SCHOOL,Chula Vista,San Diego,43,12,5
CASTRO VALLEY HIGH SCHOOL50500,CASTRO VALLEY HIGH SCHOOL,Castro Valley,Alameda,162,43,8
CATHEDRAL CATHOLIC H S52896,CATHEDRAL CATHOLIC H S,San Diego,San Diego,112,58,12
CATHEDRAL CITY HIGH SCHOOL50508,CATHEDRAL CITY HIGH SCHOOL,Cathedral City,Riverside,56,22,7
CATHEDRAL HIGH SCHOOL51560,CATHEDRAL HIGH SCHOOL,Los Angeles,Los Angeles,33,6,3
CATHOLIC MEMORIAL HIGH SCHOOL222363,CATHOLIC MEMORIAL HIGH SCHOOL,West Roxbury,MA,10,6,3
CENTENNIAL HIGH SCHOOL50676,CENTENNIAL HIGH SCHOOL,Corona,Riverside,129,50,18
CENTRAL CATHOLIC HIGH SCHOOL51982,CENTRAL CATHOLIC HIGH SCHOOL,Modesto,Stanislaus,11,5,3
CENTRAL CATHOLIC HIGH SCHOOL380850,CENTRAL CATHOLIC HIGH SCHOOL,Portland,OR,8,4,3
CENTRAL UNION HIGH SCHOOL50810,CENTRAL UNION HIGH SCHOOL,El Centro,Imperial,26,13,4
CERRITOS HIGH SCHOOL50527,CERRITOS HIGH SCHOOL,Cerritos,Los Angeles,157,46,13
CESAR E CHAVEZ HIGH SCHOOL50841,CESAR E CHAVEZ HIGH SCHOOL,Delano,Kern,24,7,3
CHAFFEY HIGH SCHOOL52275,CHAFFEY HIGH SCHOOL,Ontario,San Bernardino,37,15,3
CHAMINADE COLLEGE PREPARATORY51565,CHAMINADE COLLEGE PREPARATORY,West Hills,Los Angeles,109,49,10
CHANGJUN HIGH SCHOOL-CHANGSHA694265,CHANGJUN HIGH SCHOOL-CHANGSHA,,,29,9,3
CHAPARRAL HIGH SCHOOL53539,CHAPARRAL HIGH SCHOOL,Temecula,Riverside,112,36,12
CHASE COLLEGIATE SCHOOL70850,CHASE COLLEGIATE SCHOOL,Waterbury,CT,6,4,3
CHESHIRE ACADEMY70095,CHESHIRE ACADEMY,Cheshire,CT,21,10,4
CHINO HILLS HIGH SCHOOL50564,CHINO HILLS HIGH SCHOOL,Chino Hills,San Bernardino,150,42,16
CHIREC INTERNATIONAL SCHOOL671684,CHIREC INTERNATIONAL SCHOOL,,,32,21,4
CHRISTIAN ACAD OF LOUISVILLE181523,CHRISTIAN ACAD OF LOUISVILLE,Louisville,KY,10,4,3
CHRISTIAN BROTHERS HIGH SCHOOL52697,CHRISTIAN BROTHERS HIGH SCHOOL,Sacramento,Sacramento,46,14,5
CHRISTOPHER HIGH SCHOOL54364,CHRISTOPHER HIGH SCHOOL,Gilroy,Santa Clara,30,14,4
CHULA VISTA LRNG CMNTY CHARTER54654,CHULA VISTA LRNG CMNTY CHARTER,Chula Vista,San Diego,29,10,5
CHULA VISTA SENIOR HIGH SCHOOL50580,CHULA VISTA SENIOR HIGH SCHOOL,Chula Vista,San Diego,81,24,6
CLAIREMONT HIGH SCHOOL52837,CLAIREMONT HIGH SCHOOL,San Diego,San Diego,24,10,5
CLAREMONT HIGH SCHOOL50590,CLAREMONT HIGH SCHOOL,Claremont,Los Angeles,122,34,5
CLARK MAGNET HIGH SCHOOL51301,CLARK MAGNET HIGH SCHOOL,La Crescenta,Los Angeles,55,28,10
CLASSICAL ACADEMY HIGH SCHOOL54194,CLASSICAL ACADEMY HIGH SCHOOL,Escondido,San Diego,44,22,8
CLAYTON VALLEY HIGH SCHOOL50658,CLAYTON VALLEY HIGH SCHOOL,Concord,Contra Costa,80,35,10
CLEVELAND HIGH SCHOOL52618,CLEVELAND HIGH SCHOOL,Reseda,Los Angeles,115,45,3
CLEVELAND HIGH SCHOOL380855,CLEVELAND HIGH SCHOOL,Portland,OR,8,5,3
CLOVIS NORTH HIGH SCHOOL50628,CLOVIS NORTH HIGH SCHOOL,Fresno,Fresno,78,35,4
COACHELLA VALLEY HIGH SCHOOL50620,COACHELLA VALLEY HIGH SCHOOL,Thermal,Riverside,53,13,3
COLLEGE PARK HIGH SCHOOL50659,COLLEGE PARK HIGH SCHOOL,Pleasant Hill,Contra Costa,48,11,3
CORONA DEL MAR HIGH SCHOOL52128,CORONA DEL MAR HIGH SCHOOL,Newport Beach,Orange,116,26,5
CORONA HIGH SCHOOL50675,CORONA HIGH SCHOOL,Corona,Riverside,58,16,3
CORONADO HIGH SCHOOL50680,CORONADO HIGH SCHOOL,Coronado,San Diego,63,15,4
COSTA MESA HIGH SCHOOL50683,COSTA MESA HIGH SCHOOL,Costa Mesa,Orange,39,18,3
COSUMNES OAKS HIGH SCHOOL54204,COSUMNES OAKS HIGH SCHOOL,Elk Grove,Sacramento,86,34,8
CRAWFORD HIGH SCHOOL54630,CRAWFORD HIGH SCHOOL,San Diego,San Diego,81,13,5
CREAN LUTHERAN HIGH SCHOOL51298,CREAN LUTHERAN HIGH SCHOOL,Irvine,Orange,90,34,12
CRESCENTA VALLEY HIGH SCHOOL51313,CRESCENTA VALLEY HIGH SCHOOL,La Crescenta,Los Angeles,187,84,20
CULVER CITY HIGH SCHOOL50715,CULVER CITY HIGH SCHOOL,Culver City,Los Angeles,78,24,7
CUPERTINO HIGH SCHOOL50718,CUPERTINO HIGH SCHOOL,Cupertino,Santa Clara,317,107,16
CUSHING ACADEMY220050,CUSHING ACADEMY,Ashburnham,MA,21,9,3
CYPRESS HIGH SCHOOL50714,CYPRESS HIGH SCHOOL,Cypress,Orange,143,35,9
DA VINCI SCIENCE HIGH SCHOOL54378,DA VINCI SCIENCE HIGH SCHOOL,El Segundo,Los Angeles,27,13,3
DAMIEN HIGH SCHOOL52502,DAMIEN HIGH SCHOOL,La Verne,Los Angeles,50,21,6
DANA HILLS HIGH SCHOOL50729,DANA HILLS HIGH SCHOOL,Dana Point,Orange,94,38,5
DAVIS SENIOR HIGH SCHOOL50730,DAVIS SENIOR HIGH SCHOOL,Davis,Yolo,211,86,19
DEL CAMPO HIGH SCHOOL50915,DEL CAMPO HIGH SCHOOL,Fair Oaks,Sacramento,16,6,3
DEL LAGO ACADEMY54746,DEL LAGO ACADEMY,Escondido,San Diego,69,18,10
DEL NORTE HIGH SCHOOL54351,DEL NORTE HIGH SCHOOL,San Diego,San Diego,243,109,35
DIAMOND BAR HIGH SCHOOL50748,DIAMOND BAR HIGH SCHOOL,Diamond Bar,Los Angeles,363,134,42
DIAMOND RANCH HIGH SCHOOL52516,DIAMOND RANCH HIGH SCHOOL,Pomona,Los Angeles,69,25,8
DOCK MENNONITE ACADEMY392149,DOCK MENNONITE ACADEMY,Lansdale,PA,13,6,3
DON BOSCO TECHNICAL INSTITUTE53053,DON BOSCO TECHNICAL INSTITUTE,Rosemead,Los Angeles,32,10,4
DOUGHERTY VALLEY HIGH SCHOOL53218,DOUGHERTY VALLEY HIGH SCHOOL,San Ramon,Contra Costa,503,155,37
DOWNTOWN MAGNETS HIGH SCHOOL51576,DOWNTOWN MAGNETS HIGH SCHOOL,Los Angeles,Los Angeles,73,32,7
DR RICHARD VLADOVIC HARBOR ACA53747,DR RICHARD VLADOVIC HARBOR ACA,Wilmington,Los Angeles,53,18,3
DR TJ OWENS GILROY EARLY COLG51228,DR TJ OWENS GILROY EARLY COLG,Gilroy,Santa Clara,36,16,4
DUBLIN HIGH SCHOOL50784,DUBLIN HIGH SCHOOL,Dublin,Alameda,260,92,28
DULWICH INTRNTL HS SUZHOU694496,DULWICH INTRNTL HS SUZHOU,,,50,9,3
E3 CIVIC HIGH54723,E3 CIVIC HIGH,San Diego,San Diego,38,11,7
EAGLE ROCK HIGH SCHOOL51580,EAGLE ROCK HIGH SCHOOL,Los Angeles,Los Angeles,66,19,5
EARLY COLLEGE HIGH SCHOOL50404,EARLY COLLEGE HIGH SCHOOL,Costa Mesa,Orange,18,5,5
EASTLAKE HIGH SCHOOL50579,EASTLAKE HIGH SCHOOL,Chula Vista,San Diego,127,55,26
EDISON HIGH SCHOOL50980,EDISON HIGH SCHOOL,Fresno,Fresno,58,24,4
EDISON HIGH SCHOOL51218,EDISON HIGH SCHOOL,Huntington Beach,Orange,66,22,3
EF ACADEMY334864,EF ACADEMY,Thornwood,NY,29,9,6
EL CAJON VALLEY HIGH SCHOOL50805,EL CAJON VALLEY HIGH SCHOOL,El Cajon,San Diego,32,9,5
EL CAMINO HIGH SCHOOL52248,EL CAMINO HIGH SCHOOL,Oceanside,San Diego,77,30,15
EL CAMINO REAL CHARTER HIGH SC53801,EL CAMINO REAL CHARTER HIGH SC,Woodland Hills,Los Angeles,130,48,6
EL CAPITAN HIGH SCHOOL51346,EL CAPITAN HIGH SCHOOL,Lakeside,San Diego,32,14,5
EL CAPITAN HIGH SCHOOL54697,EL CAPITAN HIGH SCHOOL,Merced,Merced,22,10,5
EL DORADO HIGH SCHOOL52478,EL DORADO HIGH SCHOOL,Placentia,Orange,56,22,7
EL MODENA HIGH SCHOOL52276,EL MODENA HIGH SCHOOL,Orange,Orange,53,13,6
EL MONTE HIGH SCHOOL50835,EL MONTE HIGH SCHOOL,El Monte,Los Angeles,62,22,3
EL SEGUNDO HIGH SCHOOL50845,EL SEGUNDO HIGH SCHOOL,El Segundo,Los Angeles,67,22,3
EL TORO HIGH SCHOOL51974,EL TORO HIGH SCHOOL,Lake Forest,Orange,78,25,5
ELEANOR ROOSEVELT HIGH SCHOOL54078,ELEANOR ROOSEVELT HIGH SCHOOL,Eastvale,Riverside,184,64,13
ELSINORE HIGH SCHOOL50855,ELSINORE HIGH SCHOOL,Wildomar,Riverside,41,11,5
ENCINAL HIGH SCHOOL50015,ENCINAL HIGH SCHOOL,Alameda,Alameda,40,13,3
ESCONDIDO CHARTER HIGH SCHOOL50871,ESCONDIDO CHARTER HIGH SCHOOL,Escondido,San Diego,28,10,4
ESCONDIDO HIGH SCHOOL50880,ESCONDIDO HIGH SCHOOL,Escondido,San Diego,107,37,17
ETIWANDA HIGH SCHOOL50888,ETIWANDA HIGH SCHOOL,Etiwanda,San Bernardino,110,25,7
EVERGREEN VALLEY HIGH SCHOOL53169,EVERGREEN VALLEY HIGH SCHOOL,San Jose,Santa Clara,288,88,19
EXPERIMENTAL BEIJING NORML UNV694301,EXPERIMENTAL BEIJING NORML UNV,,,141,73,8
F BRAVO MEDICAL MAGNET HS51719,F BRAVO MEDICAL MAGNET HS,Los Angeles,Los Angeles,160,65,26
FAIRFAX HIGH SCHOOL51590,FAIRFAX HIGH SCHOOL,Los Angeles,Los Angeles,47,14,3
FAIRMONT PREPARATORY ACADEMY50103,FAIRMONT PREPARATORY ACADEMY,Anaheim,Orange,83,26,4
FALLBROOK UNION HIGH SCHOOL50925,FALLBROOK UNION HIGH SCHOOL,Fallbrook,San Diego,34,12,5
FLINT HILL SCHOOL471648,FLINT HILL SCHOOL,Oakton,VA,12,8,3
FOLSOM HIGH SCHOOL50940,FOLSOM HIGH SCHOOL,Folsom,Sacramento,103,48,9
FOOTHILL HIGH SCHOOL52497,FOOTHILL HIGH SCHOOL,Pleasanton,Alameda,228,85,13
FOOTHILL HIGH SCHOOL53234,FOOTHILL HIGH SCHOOL,Santa Ana,Orange,108,33,6
FOOTHILL TECHNOLOGY HS53691,FOOTHILL TECHNOLOGY HS,Ventura,Ventura,45,15,9
FOUNTAIN VALLEY HIGH SCHOOL50964,FOUNTAIN VALLEY HIGH SCHOOL,Fountain Valley,Orange,196,57,23
FRANKLIN HIGH SCHOOL50824,FRANKLIN HIGH SCHOOL,Elk Grove,Sacramento,102,47,9
FREEDOM HIGH SCHOOL472110,FREEDOM HIGH SCHOOL,South Riding,VA,5,4,3
FREMONT CHRISTIAN HIGH SCHOOL50978,FREMONT CHRISTIAN HIGH SCHOOL,Fremont,Alameda,22,9,5
FREMONT HIGH SCHOOL53460,FREMONT HIGH SCHOOL,Sunnyvale,Santa Clara,104,42,7
FRESNO HIGH SCHOOL50985,FRESNO HIGH SCHOOL,Fresno,Fresno,20,4,3
GABRIELINO HIGH SCHOOL53062,GABRIELINO HIGH SCHOOL,San Gabriel,Los Angeles,110,49,17
GAHR HIGH SCHOOL50722,GAHR HIGH SCHOOL,Cerritos,Los Angeles,64,19,4
GALILEO ACAD OF SCIENCE & TECH52945,GALILEO ACAD OF SCIENCE & TECH,San Francisco,San Francisco,121,28,10
GARDEN GROVE HIGH SCHOOL51030,GARDEN GROVE HIGH SCHOOL,Garden Grove,Orange,101,27,5
GEORGE SCHOOL391505,GEORGE SCHOOL,Newtown,PA,18,10,3
GEORGE WASHINGTON HIGH SCHOOL52950,GEORGE WASHINGTON HIGH SCHOOL,San Francisco,San Francisco,121,43,14
GLEN A WILSON HIGH SCHOOL52694,GLEN A WILSON HIGH SCHOOL,Hacienda Heights,Los Angeles,96,42,17
GLENDORA HIGH SCHOOL51070,GLENDORA HIGH SCHOOL,Glendora,Los Angeles,77,34,7
GOMPERS PREPARATORY ACADEMY54353,GOMPERS PREPARATORY ACADEMY,San Diego,San Diego,94,24,16
GRANADA HIGH SCHOOL51423,GRANADA HIGH SCHOOL,Livermore,Alameda,75,19,4
GRANADA HILLS CHARTER HIGH SCH51088,GRANADA HILLS CHARTER HIGH SCH,Granada Hills,Los Angeles,335,130,34
GRANITE BAY HIGH SCHOOL51106,GRANITE BAY HIGH SCHOOL,Granite Bay,Placer,121,49,8
GRANITE HILLS HIGH SCHOOL50806,GRANITE HILLS HIGH SCHOOL,El Cajon,San Diego,67,22,7
GREAT OAK HIGH SCHOOL53880,GREAT OAK HIGH SCHOOL,Temecula,Riverside,162,70,25
GRETCHEN WHITNEY HIGH SCHOOL50526,GRETCHEN WHITNEY HIGH SCHOOL,Cerritos,Los Angeles,108,38,7
GRIER SCHOOL394905,GRIER SCHOOL,Tyrone,PA,14,6,4
GROSSMONT HIGH SCHOOL51110,GROSSMONT HIGH SCHOOL,La Mesa,San Diego,57,21,14
GROSSMONT MIDDLE COLLEGE HS50828,GROSSMONT MIDDLE COLLEGE HS,El Cajon,San Diego,6,4,3
GUAJOME PARK ACADEMY52251,GUAJOME PARK ACADEMY,Vista,San Diego,17,6,3
GUANGDONG EXPERIMENTAL HS694564,GUANGDONG EXPERIMENTAL HS,,,52,9,3
GUANGZHOU FOREIGN LANGUAGE SCH694356,GUANGZHOU FOREIGN LANGUAGE SCH,,,66,22,4
GULLIVER PREPARATORY SCHOOL100293,GULLIVER PREPARATORY SCHOOL,Miami,FL,16,12,3
HAIDIAN FOREIGN LANGUAGE ACAD694262,HAIDIAN FOREIGN LANGUAGE ACAD,,,55,11,3
HANGZHOU HS QIANJIANG CAMPUS694579,HANGZHOU HS QIANJIANG CAMPUS,,,23,5,3
HARKER SCHOOL53142,HARKER SCHOOL,San Jose,Santa Clara,180,87,4
HEALTH SCIENCES HIGH/MID COLL54201,HEALTH SCIENCES HIGH/MID COLL,San Diego,San Diego,22,10,3
HEFEI NO 1 HIGH SCHOOL694493,HEFEI NO 1 HIGH SCHOOL,,,70,24,3
HELIX HIGH SCHOOL51350,HELIX HIGH SCHOOL,La Mesa,San Diego,109,48,16
HEMET HIGH SCHOOL51165,HEMET HIGH SCHOOL,Hemet,Riverside,37,12,3
HENRY M GUNN SENIOR HIGH SCHL52347,HENRY M GUNN SENIOR HIGH SCHL,Palo Alto,Santa Clara,264,82,8
HERBERT HOOVER HIGH SCHOOL51060,HERBERT HOOVER HIGH SCHOOL,Glendale,Los Angeles,62,20,7
HERBERT HOOVER HIGH SCHOOL52850,HERBERT HOOVER HIGH SCHOOL,San Diego,San Diego,141,40,26
HERITAGE CHRISTIAN SCHOOL53358,HERITAGE CHRISTIAN SCHOOL,North Hills,Los Angeles,19,11,3
HERITAGE HIGH SCHOOL54141,HERITAGE HIGH SCHOOL,Menifee,Riverside,60,11,3
HESPERIA HIGH SCHOOL51168,HESPERIA HIGH SCHOOL,Hesperia,San Bernardino,30,13,3
HIGH SCH @RENMIN UNIV OF CHINA694270,HIGH SCH @RENMIN UNIV OF CHINA,,,242,85,10
HIGH TECH HIGH CHULA VISTA54313,HIGH TECH HIGH CHULA VISTA,Chula Vista,San Diego,50,25,8
HIGH TECH HIGH INTERNATIONAL53945,HIGH TECH HIGH INTERNATIONAL,San Diego,San Diego,33,13,4
HIGH TECH HIGH MEDIA ARTS54054,HIGH TECH HIGH MEDIA ARTS,San Diego,San Diego,30,16,6
HIGH TECH HIGH SCHOOL52951,HIGH TECH HIGH SCHOOL,San Diego,San Diego,30,13,4
HIGH TECH HIGH-NORTH COUNTY54219,HIGH TECH HIGH-NORTH COUNTY,San Marcos,San Diego,32,12,7
HIGHLAND HIGH SCHOOL52541,HIGHLAND HIGH SCHOOL,Palmdale,Los Angeles,29,8,5
HILLCREST HIGH SCHOOL54677,HILLCREST HIGH SCHOOL,Riverside,Riverside,50,16,5
HILLTOP HIGH SCHOOL50581,HILLTOP HIGH SCHOOL,Chula Vista,San Diego,52,27,15
HOMESTEAD HIGH SCHOOL53462,HOMESTEAD HIGH SCHOOL,Cupertino,Santa Clara,258,88,24
HUNTINGTON BEACH HIGH SCHOOL51220,HUNTINGTON BEACH HIGH SCHOOL,Huntington Beach,Orange,139,41,8
IMPERIAL HIGH SCHOOL51240,IMPERIAL HIGH SCHOOL,Imperial,Imperial,27,18,7
INGLEWOOD HIGH SCHOOL51260,INGLEWOOD HIGH SCHOOL,Inglewood,Los Angeles,17,5,5
INTERNATIONAL POLYTECHNIC HS52508,INTERNATIONAL POLYTECHNIC HS,Pomona,Los Angeles,32,8,5
INTERNATIONAL SCHOOL BANGALORE671055,INTERNATIONAL SCHOOL BANGALORE,,,70,47,5
IRVINE HIGH SCHOOL51271,IRVINE HIGH SCHOOL,Irvine,Orange,177,65,17
IRVINGTON HIGH SCHOOL50968,IRVINGTON HIGH SCHOOL,Fremont,Alameda,295,115,29
ISLAND SCHOOL670122,ISLAND SCHOOL,,,9,5,3
JAMES A GARFIELD HIGH SCHOOL51635,JAMES A GARFIELD HIGH SCHOOL,Los Angeles,Los Angeles,106,33,5
JAMES LICK HIGH SCHOOL53090,JAMES LICK HIGH SCHOOL,San Jose,Santa Clara,26,10,5
JAMES LOGAN HIGH SCHOOL50969,JAMES LOGAN HIGH SCHOOL,Union City,Alameda,138,50,7
JAMES MADISON HIGH SCHOOL52853,JAMES MADISON HIGH SCHOOL,San Diego,San Diego,27,11,6
JINAN FOREIGN LANGUAGE SCHOOL694352,JINAN FOREIGN LANGUAGE SCHOOL,,,70,15,3
JOHN A ROWLAND HIGH SCHOOL52696,JOHN A ROWLAND HIGH SCHOOL,Rowland Heights,Los Angeles,101,33,14
JOHN BAPST MEMORIAL HS200055,JOHN BAPST MEMORIAL HS,Bangor,ME,12,6,3
JOHN BURROUGHS HIGH SCHOOL50400,JOHN BURROUGHS HIGH SCHOOL,Burbank,Los Angeles,92,42,8
JOHN F KENNEDY HIGH SCHOOL50379,JOHN F KENNEDY HIGH SCHOOL,La Palma,Orange,81,31,7
JOHN F KENNEDY HIGH SCHOOL51089,JOHN F KENNEDY HIGH SCHOOL,Granada Hills,Los Angeles,38,13,3
JOHN F KENNEDY HIGH SCHOOL52713,JOHN F KENNEDY HIGH SCHOOL,Sacramento,Sacramento,31,7,3
JOHN MARSHALL HIGH SCHOOL51650,JOHN MARSHALL HIGH SCHOOL,Los Angeles,Los Angeles,135,57,9
JOHN SWETT HIGH SCHOOL50710,JOHN SWETT HIGH SCHOOL,Crockett,Contra Costa,14,6,4
JOHN W NORTH HIGH SCHOOL52661,JOHN W NORTH HIGH SCHOOL,Riverside,Riverside,82,17,4
JSERRA CATHOLIC HIGH SCHOOL53197,JSERRA CATHOLIC HIGH SCHOOL,San Juan Capistrano,Orange,81,27,6
KANG CHIAO BILINGUAL SCHOOL694291,KANG CHIAO BILINGUAL SCHOOL,,,66,19,3
KANG CHIAO SCHOOL KUNSHAN694587,KANG CHIAO SCHOOL KUNSHAN,,,56,13,5
KEARNY COLLEGE CONNECTIONS53893,KEARNY COLLEGE CONNECTIONS,San Diego,San Diego,18,9,6
KEARNY ENG INNOV & DESIGN53217,KEARNY ENG INNOV & DESIGN,San Diego,San Diego,14,8,4
KENT SCHOOL70330,KENT SCHOOL,Kent,CT,29,21,5
KING DREW MAGNET HS MED/SCI51672,KING DREW MAGNET HS MED/SCI,Los Angeles,Los Angeles,87,34,16
KIPP KING COLLEGIATE HIGH SCH54231,KIPP KING COLLEGIATE HIGH SCH,San Lorenzo,Alameda,43,15,5
KISKI SCHOOL THE394365,KISKI SCHOOL THE,Saltsburg,PA,6,3,3
LA CANADA HIGH SCHOOL51312,LA CANADA HIGH SCHOOL,La Canada,Los Angeles,141,54,10
LA CENTER ENRICHED STUDIES51561,LA CENTER ENRICHED STUDIES,Los Angeles,Los Angeles,66,21,4
LA COSTA CANYON HIGH SCHOOL50858,LA COSTA CANYON HIGH SCHOOL,Carlsbad,San Diego,88,40,7
LA JOLLA HIGH51335,LA JOLLA HIGH,La Jolla,San Diego,92,37,8
LA MIRADA HIGH SCHOOL51352,LA MIRADA HIGH SCHOOL,La Mirada,Los Angeles,34,13,3
LA PUENTE HIGH SCHOOL51359,LA PUENTE HIGH SCHOOL,La Puente,Los Angeles,17,4,3
LA QUINTA HIGH SCHOOL51328,LA QUINTA HIGH SCHOOL,La Quinta,Riverside,62,19,8
LA QUINTA HIGH SCHOOL53737,LA QUINTA HIGH SCHOOL,Westminster,Orange,182,63,12
LA SALLE HIGH SCHOOL52392,LA SALLE HIGH SCHOOL,Pasadena,Los Angeles,57,17,6
LA SIERRA HIGH SCHOOL52659,LA SIERRA HIGH SCHOOL,Riverside,Riverside,60,21,6
LAGUNA BEACH HIGH SCHOOL51320,LAGUNA BEACH HIGH SCHOOL,Laguna Beach,Orange,55,27,4
LAGUNA HILLS HIGH SCHOOL51369,LAGUNA HILLS HIGH SCHOOL,Laguna Hills,Orange,55,28,6
LAKERIDGE HIGH SCHOOL380573,LAKERIDGE HIGH SCHOOL,Lake Oswego,OR,27,18,5
LAKEWOOD HIGH SCHOOL51347,LAKEWOOD HIGH SCHOOL,Lakewood,Los Angeles,58,20,4
LANCASTER HIGH SCHOOL51412,LANCASTER HIGH SCHOOL,Lancaster,Los Angeles,35,10,5
LANCASTER MENNONITE SCHOOL392120,LANCASTER MENNONITE SCHOOL,Lancaster,PA,12,7,4
LAS LOMAS HIGH SCHOOL53680,LAS LOMAS HIGH SCHOOL,Walnut Creek,Contra Costa,93,41,5
LAUREL SPRINGS SCHOOL52256,LAUREL SPRINGS SCHOOL,Ojai,Ventura,22,8,3
LAWNDALE HIGH SCHOOL51431,LAWNDALE HIGH SCHOOL,Lawndale,Los Angeles,76,22,10
LEADERSHIP PUBLIC SCH HAYWARD51231,LEADERSHIP PUBLIC SCH HAYWARD,Hayward,Alameda,17,12,3
LEIGH HIGH SCHOOL53092,LEIGH HIGH SCHOOL,San Jose,Santa Clara,105,34,6
LELAND HIGH SCHOOL53091,LELAND HIGH SCHOOL,San Jose,Santa Clara,235,84,15
LEUZINGER HIGH SCHOOL51375,LEUZINGER HIGH SCHOOL,Lawndale,Los Angeles,64,26,8
LEXINGTON HIGH SCHOOL221190,LEXINGTON HIGH SCHOOL,Lexington,MA,66,44,3
LINCOLN HIGH SCHOOL54120,LINCOLN HIGH SCHOOL,San Diego,San Diego,66,11,7
LINFIELD CHRISTIAN SCHOOL51570,LINFIELD CHRISTIAN SCHOOL,Temecula,Riverside,31,12,3
LINSLY SCHOOL491410,LINSLY SCHOOL,Wheeling,WV,13,8,3
LIVERMORE HIGH SCHOOL51425,LIVERMORE HIGH SCHOOL,Livermore,Alameda,54,18,5
LONG BEACH POLYTECHNIC HS51480,LONG BEACH POLYTECHNIC HS,Long Beach,Los Angeles,167,42,4
LOS ALAMITOS HIGH SCHOOL51508,LOS ALAMITOS HIGH SCHOOL,Los Alamitos,Orange,148,44,3
LOS ALAMOS HIGH SCHOOL320405,LOS ALAMOS HIGH SCHOOL,Los Alamos,NM,29,10,3
LOS ALTOS HIGH SCHOOL51510,LOS ALTOS HIGH SCHOOL,Los Altos,Santa Clara,235,68,9
LOS AMIGOS HIGH SCHOOL50963,LOS AMIGOS HIGH SCHOOL,Fountain Valley,Orange,35,17,3
LOS GATOS HIGH SCHOOL51855,LOS GATOS HIGH SCHOOL,Los Gatos,Santa Clara,182,54,6
LOS OSOS HIGH SCHOOL52987,LOS OSOS HIGH SCHOOL,Rancho Cucamonga,San Bernardino,167,67,16
LOWELL HIGH SCHOOL52970,LOWELL HIGH SCHOOL,San Francisco,San Francisco,418,162,29
LUTHERAN HIGH SCHL ORANGE CNTY52269,LUTHERAN HIGH SCHL ORANGE CNTY,Orange,Orange,77,26,8
LYNBROOK HIGH SCHOOL53463,LYNBROOK HIGH SCHOOL,San Jose,Santa Clara,324,113,15
LYNWOOD HIGH SCHOOL51885,LYNWOOD HIGH SCHOOL,Lynwood,Los Angeles,57,21,3
MALIBU HIGH SCHOOL51896,MALIBU HIGH SCHOOL,Malibu,Los Angeles,33,19,4
MAR VISTA HIGH SCHOOL51242,MAR VISTA HIGH SCHOOL,Imperial Beach,San Diego,42,19,6
MARANATHA CHRISTIAN SCHOOLS54056,MARANATHA CHRISTIAN SCHOOLS,San Diego,San Diego,21,8,3
MARCO ANTONIO FIREBAUGH HS52039,MARCO ANTONIO FIREBAUGH HS,Lynwood,Los Angeles,41,16,5
MARIA CARRILLO HIGH SCHOOL53386,MARIA CARRILLO HIGH SCHOOL,Santa Rosa,Sonoma,62,21,3
MARIANAPOLIS PREP SCHOOL70780,MARIANAPOLIS PREP SCHOOL,Thompson,CT,13,7,3
MARK KEPPEL HIGH SCHOOL50055,MARK KEPPEL HIGH SCHOOL,Alhambra,Los Angeles,156,57,20
MARTIN LUTHER KING HIGH SCHOOL52567,MARTIN LUTHER KING HIGH SCHOOL,Riverside,Riverside,105,36,11
MARY INSTITUTE AND SAINT LOUIS260655,MARY INSTITUTE AND SAINT LOUIS,Saint Louis,MO,18,14,4
MARY STAR OF THE SEA HIGH SCH53200,MARY STAR OF THE SEA HIGH SCH,San Pedro,Los Angeles,30,7,4
MATER DEI CATHOLIC HIGH SCHOOL51244,MATER DEI CATHOLIC HIGH SCHOOL,Chula Vista,San Diego,49,27,9
MATER DEI HIGH SCHOOL53240,MATER DEI HIGH SCHOOL,Santa Ana,Orange,144,44,10
MAYFAIR HIGH SCHOOL51348,MAYFAIR HIGH SCHOOL,Lakewood,Los Angeles,40,11,3
MENLO ATHERTON HIGH SCHOOL50170,MENLO ATHERTON HIGH SCHOOL,Atherton,San Mateo,140,39,6
MERCYHURST PREPARATORY SCHOOL391295,MERCYHURST PREPARATORY SCHOOL,Erie,PA,10,7,3
MIDDLE COLLEGE HIGH SCHOOL53258,MIDDLE COLLEGE HIGH SCHOOL,Santa Ana,Orange,27,18,7
MILLS HIGH SCHOOL51972,MILLS HIGH SCHOOL,Millbrae,San Mateo,103,22,3
MILPITAS HIGH SCHOOL51978,MILPITAS HIGH SCHOOL,Milpitas,Santa Clara,185,43,8
MIRA COSTA HIGH SCHOOL51895,MIRA COSTA HIGH SCHOOL,Manhattan Beach,Los Angeles,203,73,10
MIRA LOMA HIGH SCHOOL52723,MIRA LOMA HIGH SCHOOL,Sacramento,Sacramento,91,34,6
MIRA MESA HIGH SCHOOL52858,MIRA MESA HIGH SCHOOL,San Diego,San Diego,135,57,35
MIRAMONTE HIGH SCHOOL52282,MIRAMONTE HIGH SCHOOL,Orinda,Contra Costa,113,42,9
MISSION BAY HIGH52860,MISSION BAY HIGH,San Diego,San Diego,67,34,11
MISSION EARLY COLLEGE HIGH SCH50358,MISSION EARLY COLLEGE HIGH SCH,Santa Clara,Santa Clara,8,5,3
MISSION HILLS HIGH SCHOOL53868,MISSION HILLS HIGH SCHOOL,San Marcos,San Diego,123,47,23
MISSION SAN JOSE HIGH SCHOOL50970,MISSION SAN JOSE HIGH SCHOOL,Fremont,Alameda,374,141,49
MISSION SENIOR HIGH SCHOOL52980,MISSION SENIOR HIGH SCHOOL,San Francisco,San Francisco,48,16,3
MISSION VIEJO HIGH SCHOOL51981,MISSION VIEJO HIGH SCHOOL,Mission Viejo,Orange,75,19,4
MISSION VISTA HIGH SCHOOL54347,MISSION VISTA HIGH SCHOOL,Oceanside,San Diego,90,35,16
MONTA VISTA HIGH SCHOOL53466,MONTA VISTA HIGH SCHOOL,Cupertino,Santa Clara,397,129,20
MONTCLAIR HIGH SCHOOL52018,MONTCLAIR HIGH SCHOOL,Montclair,San Bernardino,72,14,5
MONTE VISTA CHRISTIAN HS53705,MONTE VISTA CHRISTIAN HS,Watsonville,Santa Cruz,51,19,3
MONTE VISTA HIGH SCHOOL50727,MONTE VISTA HIGH SCHOOL,Danville,Contra Costa,188,57,13
MONTE VISTA HIGH SCHOOL53416,MONTE VISTA HIGH SCHOOL,Spring Valley,San Diego,28,10,6
MONTGOMERY HIGH SCHOOL51239,MONTGOMERY HIGH SCHOOL,San Diego,San Diego,68,29,20
MONTVERDE ACADEMY101185,MONTVERDE ACADEMY,Montverde,FL,21,8,5
MOORPARK HIGH SCHOOL52055,MOORPARK HIGH SCHOOL,Moorpark,Ventura,46,24,3
MOREAU CATHOLIC HIGH SCHOOL51156,MOREAU CATHOLIC HIGH SCHOOL,Hayward,Alameda,80,21,10
MORENO VALLEY HIGH SCHOOL53459,MORENO VALLEY HIGH SCHOOL,Moreno Valley,Riverside,88,25,7
MORSE HIGH SCHOOL52881,MORSE HIGH SCHOOL,San Diego,San Diego,61,27,18
MOUNT MIGUEL HIGH SCHOOL53417,MOUNT MIGUEL HIGH SCHOOL,Spring Valley,San Diego,32,10,4
MOUNTAIN EMPIRE HIGH SCHOOL50455,MOUNTAIN EMPIRE HIGH SCHOOL,Pine Valley,San Diego,14,7,3
MOUNTAIN HOUSE HIGH SCHOOL54813,MOUNTAIN HOUSE HIGH SCHOOL,Mountain House,San Joaquin,56,20,8
MOUNTAIN VIEW HIGH SCHOOL52075,MOUNTAIN VIEW HIGH SCHOOL,Mountain View,Santa Clara,169,54,5
MT CARMEL HIGH SCHOOL52862,MT CARMEL HIGH SCHOOL,San Diego,San Diego,101,33,19
MURRIETA MESA HIGH SCHOOL54357,MURRIETA MESA HIGH SCHOOL,Murrieta,Riverside,73,23,7
MURRIETA VALLEY HIGH SCHOOL52073,MURRIETA VALLEY HIGH SCHOOL,Murrieta,Riverside,76,23,13
NANJING FOREIGN LANGUAGE SCH694268,NANJING FOREIGN LANGUAGE SCH,,,140,44,5
NANJING JINLING HS HEXI CAMPUS694316,NANJING JINLING HS HEXI CAMPUS,,,25,6,3
NANJING NO 1 HIGH SCHOOL694485,NANJING NO 1 HIGH SCHOOL,,,22,7,4
NCPA-GUANGZHOU FOK YING TUNG694567,NCPA-GUANGZHOU FOK YING TUNG,,,56,12,5
NEW TRIER HIGH SCHOOL144430,NEW TRIER HIGH SCHOOL,Winnetka,IL,42,26,4
NEWARK MEMORIAL HIGH SCHOOL52114,NEWARK MEMORIAL HIGH SCHOOL,Newark,Alameda,59,12,4
NEWBURY PARK HIGH SCHOOL52117,NEWBURY PARK HIGH SCHOOL,Newbury Park,Ventura,106,42,13
NEWPORT HIGH SCHOOL480071,NEWPORT HIGH SCHOOL,Bellevue,WA,57,40,3
NIPOMO HIGH SCHOOL52211,NIPOMO HIGH SCHOOL,Nipomo,San Luis Obispo,9,5,3
NO 2 HS EAST CHINA NORMAL UNIV694248,NO 2 HS EAST CHINA NORMAL UNIV,,,39,13,3
NORTE VISTA SENIOR HIGH SCHOOL52664,NORTE VISTA SENIOR HIGH SCHOOL,Riverside,Riverside,75,18,6
NORTH HIGH SCHOOL53520,NORTH HIGH SCHOOL,Torrance,Los Angeles,64,21,7
NORTH HOLLYWOOD HIGH SCHOOL52145,NORTH HOLLYWOOD HIGH SCHOOL,North Hollywood,Los Angeles,104,42,7
NORTH SALINAS HIGH SCHOOL52746,NORTH SALINAS HIGH SCHOOL,Salinas,Monterey,35,11,4
NORTHGATE HIGH SCHOOL50666,NORTHGATE HIGH SCHOOL,Walnut Creek,Contra Costa,96,32,3
NORTHWOOD HIGH SCHOOL51283,NORTHWOOD HIGH SCHOOL,Irvine,Orange,257,80,16
NORWALK HIGH SCHOOL52167,NORWALK HIGH SCHOOL,Norwalk,Los Angeles,39,6,3
NOTRE DAME ACADEMY51730,NOTRE DAME ACADEMY,Los Angeles,Los Angeles,39,18,4
NOTRE DAME HIGH SCHOOL52663,NOTRE DAME HIGH SCHOOL,Riverside,Riverside,42,15,4
NOTRE DAME HIGH SCHOOL53095,NOTRE DAME HIGH SCHOOL,San Jose,Santa Clara,80,37,5
NOTRE DAME HIGH SCHOOL53370,NOTRE DAME HIGH SCHOOL,Sherman Oaks,Los Angeles,70,27,3
NOVATO HIGH SCHOOL52170,NOVATO HIGH SCHOOL,Novato,Marin,55,22,3
OAK PARK HIGH SCHOOL50006,OAK PARK HIGH SCHOOL,Oak Park,Ventura,117,46,11
OAK RIDGE HIGH SCHOOL50818,OAK RIDGE HIGH SCHOOL,El Dorado Hills,El Dorado,110,44,12
OAKLAND CHARTER HIGH SCHOOL54303,OAKLAND CHARTER HIGH SCHOOL,Oakland,Alameda,30,12,3
OAKLAND TECHNICAL HIGH SCHOOL52240,OAKLAND TECHNICAL HIGH SCHOOL,Oakland,Alameda,145,33,8
OCEANSIDE HIGH SCHOOL52249,OCEANSIDE HIGH SCHOOL,Oceanside,San Diego,43,14,6
OFARRELL CHARTER SCHOOL54629,OFARRELL CHARTER SCHOOL,San Diego,San Diego,40,21,10
OLYMPIAN HIGH SCHOOL54072,OLYMPIAN HIGH SCHOOL,Chula Vista,San Diego,155,64,32
ORANGE GLEN HIGH SCHOOL50873,ORANGE GLEN HIGH SCHOOL,Escondido,San Diego,70,21,3
ORANGE VISTA HIGH SCHOOL50038,ORANGE VISTA HIGH SCHOOL,Perris,Riverside,96,14,4
ORCUTT ACADEMY HIGH SCHOOL54287,ORCUTT ACADEMY HIGH SCHOOL,Orcutt,Santa Barbara,15,5,3
OTAY RANCH HIGH SCHOOL50602,OTAY RANCH HIGH SCHOOL,Chula Vista,San Diego,120,40,20
OTHER CALIF INSTITUTION989340,OTHER CALIF INSTITUTION,Unknown,Unknown,81,23,3
OXFORD ACADEMY50776,OXFORD ACADEMY,Cypress,Orange,110,40,3
OXNARD HIGH SCHOOL52305,OXNARD HIGH SCHOOL,Oxnard,Ventura,65,32,6
PACIFICA HIGH SCHOOL52379,PACIFICA HIGH SCHOOL,Oxnard,Ventura,42,15,4
PAJARO VALLEY HS54045,PAJARO VALLEY HS,Watsonville,Santa Cruz,14,10,3
PALISADES CHARTER HIGH SCHOOL52327,PALISADES CHARTER HIGH SCHOOL,Pacific Palisade,Los Angeles,227,90,12
PALM DESERT HIGH SCHOOL52319,PALM DESERT HIGH SCHOOL,Palm Desert,Riverside,46,12,6
PALM SPRINGS HIGH SCHOOL52320,PALM SPRINGS HIGH SCHOOL,Palm Springs,Riverside,50,10,4
PALO ALTO SENIOR HIGH SCHOOL52350,PALO ALTO SENIOR HIGH SCHOOL,Palo Alto,Santa Clara,251,73,7
PALOMA VALLEY HIGH SCHOOL51907,PALOMA VALLEY HIGH SCHOOL,Menifee,Riverside,84,26,14
PALOS VERDES HIGH SCHOOL52358,PALOS VERDES HIGH SCHOOL,Palos Verdes Estate,Los Angeles,122,47,4
PALOS VERDES PENINSULA HS52683,PALOS VERDES PENINSULA HS,Rolling Hills Estat,Los Angeles,246,88,10
PARAMOUNT HIGH SCHOOL52365,PARAMOUNT HIGH SCHOOL,Paramount,Los Angeles,116,27,7
PASADENA HIGH SCHOOL52401,PASADENA HIGH SCHOOL,Pasadena,Los Angeles,71,29,5
PATRICK HENRY HIGH SCHOOL52867,PATRICK HENRY HIGH SCHOOL,San Diego,San Diego,127,42,20
PELHAM MEMORIAL HIGH SCHOOL334470,PELHAM MEMORIAL HIGH SCHOOL,Pelham,NY,7,6,3
PERRIS HIGH52440,PERRIS HIGH,Perris,Riverside,43,13,3
PETALUMA HIGH SCHOOL52460,PETALUMA HIGH SCHOOL,Petaluma,Sonoma,26,5,3
PIEDMONT HIGH SCHOOL52462,PIEDMONT HIGH SCHOOL,Piedmont,Alameda,86,30,3
PIEDMONT HILLS HIGH SCHOOL51976,PIEDMONT HILLS HIGH SCHOOL,San Jose,Santa Clara,142,49,8
PIONEER HIGH SCHOOL53096,PIONEER HIGH SCHOOL,San Jose,Santa Clara,105,30,8
PIONEER HIGH SCHOOL53760,PIONEER HIGH SCHOOL,Whittier,Los Angeles,28,12,3
PIONEER VALLEY HIGH SCHOOL53847,PIONEER VALLEY HIGH SCHOOL,Santa Maria,Santa Barbara,34,11,3
PITTSBURG HIGH SCHOOL52475,PITTSBURG HIGH SCHOOL,Pittsburg,Contra Costa,51,24,6
PLEASANT GROVE HIGH SCHOOL53953,PLEASANT GROVE HIGH SCHOOL,Elk Grove,Sacramento,86,30,5
POINT LOMA HIGH SCHOOL52870,POINT LOMA HIGH SCHOOL,San Diego,San Diego,83,37,13
PORTOLA HIGH SCHOOL50266,PORTOLA HIGH SCHOOL,Irvine,Orange,232,91,18
POWAY HIGH SCHOOL52533,POWAY HIGH SCHOOL,Poway,San Diego,102,39,14
PRESENTATION HIGH SCHOOL53097,PRESENTATION HIGH SCHOOL,San Jose,Santa Clara,66,28,6
PREUSS SCHOOL UCSD51479,PREUSS SCHOOL UCSD,La Jolla,San Diego,106,52,39
PUNAHOU SCHOOL120085,PUNAHOU SCHOOL,Honolulu,HI,92,47,5
QINGDAO NO 2 MIDDLE SCHOOL694420,QINGDAO NO 2 MIDDLE SCHOOL,,,32,13,3
RAMONA CONVENT SECONDARY SCH50060,RAMONA CONVENT SECONDARY SCH,Alhambra,Los Angeles,27,10,4
RAMONA HIGH SCHOOL52550,RAMONA HIGH SCHOOL,Ramona,San Diego,33,11,6
RANCHO BERNARDO HIGH SCHOOL52536,RANCHO BERNARDO HIGH SCHOOL,San Diego,San Diego,146,77,36
RANCHO BUENA VISTA HIGH SCHOOL53668,RANCHO BUENA VISTA HIGH SCHOOL,Vista,San Diego,61,34,17
RANCHO CUCAMONGA HIGH SCHOOL52546,RANCHO CUCAMONGA HIGH SCHOOL,Rancho Cucamonga,San Bernardino,140,38,9
RANCHO MIRAGE HIGH SCHOOL54702,RANCHO MIRAGE HIGH SCHOOL,Rancho Mirage,Riverside,36,8,4
RANCHO VERDE HIGH SCHOOL52056,RANCHO VERDE HIGH SCHOOL,Moreno Valley,Riverside,95,30,7
REDLANDS EAST VALLEY HS52572,REDLANDS EAST VALLEY HS,Redlands,San Bernardino,71,22,5
REDLANDS HIGH SCHOOL52590,REDLANDS HIGH SCHOOL,Redlands,San Bernardino,86,26,11
REDONDO UNION HIGH SCHOOL52600,REDONDO UNION HIGH SCHOOL,Redondo Beach,Los Angeles,111,49,3
REDWOOD HIGH SCHOOL51361,REDWOOD HIGH SCHOOL,Larkspur,Marin,123,41,9
RIALTO HIGH SCHOOL52629,RIALTO HIGH SCHOOL,Rialto,San Bernardino,76,23,5
RIBET ACADEMY51058,RIBET ACADEMY,Los Angeles,Los Angeles,26,12,3
RIO HONDO PREP SCHOOL50133,RIO HONDO PREP SCHOOL,Arcadia,Los Angeles,8,4,4
RIVERSIDE POLY HIGH SCHOOL52665,RIVERSIDE POLY HIGH SCHOOL,Riverside,Riverside,77,25,4
RIVERSIDE STEM ACADEMY54784,RIVERSIDE STEM ACADEMY,Riverside,Riverside,28,15,3
ROBERT A MILLIKAN HIGH SCHOOL51476,ROBERT A MILLIKAN HIGH SCHOOL,Long Beach,Los Angeles,106,36,7
ROCKLIN HIGH SCHOOL52609,ROCKLIN HIGH SCHOOL,Rocklin,Placer,82,21,5
ROSE AND ALEX PILIBOS ARMENIAN51758,ROSE AND ALEX PILIBOS ARMENIAN,Los Angeles,Los Angeles,35,15,3
ROSEMEAD HIGH SCHOOL52685,ROSEMEAD HIGH SCHOOL,Rosemead,Los Angeles,90,27,4
RUBEN S AYALA HIGH SCHOOL50563,RUBEN S AYALA HIGH SCHOOL,Chino Hills,San Bernardino,155,51,13
RUBIDOUX HIGH SCHOOL52672,RUBIDOUX HIGH SCHOOL,Jurupa Valley,Riverside,55,14,6
RUSSIA990275,RUSSIA,,,26,13,3
RUTH ASAWA SCHOOL OF THE ARTS53033,RUTH ASAWA SCHOOL OF THE ARTS,San Francisco,San Francisco,76,25,3
SACRED HEART CATHEDRAL PREP53005,SACRED HEART CATHEDRAL PREP,San Francisco,San Francisco,80,26,3
SAGE CREEK HIGH SCHOOL54709,SAGE CREEK HIGH SCHOOL,Carlsbad,San Diego,84,35,8
SAGE HILL SCHOOL52124,SAGE HILL SCHOOL,Newport Coast,Orange,79,38,5
SAINT ANTHONYS HIGH SCHOOL335215,SAINT ANTHONYS HIGH SCHOOL,Melville,NY,26,11,7
SAINT BONAVENTURE HIGH SCHOOL53650,SAINT BONAVENTURE HIGH SCHOOL,Ventura,Ventura,14,7,3
SAINT FRANCIS HIGH SCHOOL51311,SAINT FRANCIS HIGH SCHOOL,La Canada,Los Angeles,35,11,4
SAINT FRANCIS HIGH SCHOOL52077,SAINT FRANCIS HIGH SCHOOL,Mountain View,Santa Clara,157,38,4
SAINT JOHN BOSCO HIGH SCHOOL50260,SAINT JOHN BOSCO HIGH SCHOOL,Bellflower,Los Angeles,43,15,3
SAINT JOHNSBURY ACADEMY460395,SAINT JOHNSBURY ACADEMY,St Johnsbury,VT,18,6,3
SAINT JOSEPH HIGH SCHOOL70797,SAINT JOSEPH HIGH SCHOOL,Trumbull,CT,8,5,4
SAINT JOSEPH-NOTRE DAME HS50020,SAINT JOSEPH-NOTRE DAME HS,Alameda,Alameda,33,12,3
SAINT MONICA CATHOLIC HS53310,SAINT MONICA CATHOLIC HS,Santa Monica,Los Angeles,31,15,3
SAINT PATRICK-SAINT VINCENT HS53604,SAINT PATRICK-SAINT VINCENT HS,Vallejo,Solano,16,8,3
SALESIAN COLLEGE PREPARATORY52637,SALESIAN COLLEGE PREPARATORY,Richmond,Contra Costa,37,20,6
SAN CLEMENTE HIGH SCHOOL52814,SAN CLEMENTE HIGH SCHOOL,San Clemente,Orange,128,42,7
SAN DIEGO INTL STUDIES53907,SAN DIEGO INTL STUDIES,San Diego,San Diego,90,41,6
SAN DIEGO SCHL CREATE/PERFORM52869,SAN DIEGO SCHL CREATE/PERFORM,San Diego,San Diego,44,19,10
SAN DIEGO SCIENCE & TECHNOLOGY53903,SAN DIEGO SCIENCE & TECHNOLOGY,San Diego,San Diego,39,12,5
SAN DIEGUITO ACADEMY50865,SAN DIEGUITO ACADEMY,Encinitas,San Diego,103,35,9
SAN DIMAS HIGH SCHOOL52894,SAN DIMAS HIGH SCHOOL,San Dimas,Los Angeles,39,9,4
SAN DOMENICO SCHOOL53205,SAN DOMENICO SCHOOL,San Anselmo,Marin,38,11,3
SAN FERNANDO HIGH SCHOOL52905,SAN FERNANDO HIGH SCHOOL,San Fernando,Los Angeles,47,16,3
SAN GABRIEL HIGH SCHOOL53055,SAN GABRIEL HIGH SCHOOL,San Gabriel,Los Angeles,135,48,10
SAN JACINTO HIGH SCHOOL53070,SAN JACINTO HIGH SCHOOL,San Jacinto,Riverside,71,20,7
SAN JUAN HILLS HIGH SCHOOL54181,SAN JUAN HILLS HIGH SCHOOL,San Juan Capistrano,Orange,97,29,5
SAN MARCOS HIGH SCHOOL50883,SAN MARCOS HIGH SCHOOL,San Marcos,San Diego,154,67,26
SAN MARIN HIGH SCHOOL52172,SAN MARIN HIGH SCHOOL,Novato,Marin,55,24,5
SAN MARINO HIGH SCHOOL53158,SAN MARINO HIGH SCHOOL,San Marino,Los Angeles,128,49,10
SAN MATEO HIGH SCHOOL53175,SAN MATEO HIGH SCHOOL,San Mateo,San Mateo,123,37,4
SAN PASQUAL HIGH SCHOOL50884,SAN PASQUAL HIGH SCHOOL,Escondido,San Diego,64,22,10
SAN PEDRO HIGH SCHOOL53195,SAN PEDRO HIGH SCHOOL,San Pedro,Los Angeles,61,23,3
SAN YSIDRO HIGH SCHOOL53628,SAN YSIDRO HIGH SCHOOL,San Diego,San Diego,86,34,17
SANTA BARBARA SENIOR HIGH SCHO53275,SANTA BARBARA SENIOR HIGH SCHO,Santa Barbara,Santa Barbara,73,20,3
SANTA CLARA HIGH SCHOOL53280,SANTA CLARA HIGH SCHOOL,Santa Clara,Santa Clara,86,43,11
SANTA FE HIGH SCHOOL53300,SANTA FE HIGH SCHOOL,Santa Fe Springs,Los Angeles,89,34,6
SANTA MARGARITA CATHOLIC HS52563,SANTA MARGARITA CATHOLIC HS,Rancho San Margarit,Orange,110,35,7
SANTA MONICA HIGH SCHOOL53320,SANTA MONICA HIGH SCHOOL,Santa Monica,Los Angeles,204,76,13
SANTA PAULA HIGH SCHOOL53325,SANTA PAULA HIGH SCHOOL,Santa Paula,Ventura,42,15,3
SANTA SUSANA HIGH SCHOOL53372,SANTA SUSANA HIGH SCHOOL,Simi Valley,Ventura,58,27,9
SANTA TERESA HIGH SCHOOL53106,SANTA TERESA HIGH SCHOOL,San Jose,Santa Clara,102,23,5
SANTIAGO HIGH SCHOOL50692,SANTIAGO HIGH SCHOOL,Corona,Riverside,177,60,11
SARATOGA HIGH SCHOOL53343,SARATOGA HIGH SCHOOL,Saratoga,Santa Clara,237,85,11
SATO ACADEMY OF MATH & SCIENCE54837,SATO ACADEMY OF MATH & SCIENCE,Long Beach,Los Angeles,23,5,3
SAUGUS HIGH SCHOOL53336,SAUGUS HIGH SCHOOL,Saugus,Los Angeles,80,19,3
SCHURR HIGH SCHOOL52037,SCHURR HIGH SCHOOL,Montebello,Los Angeles,77,14,3
SCRIPPS RANCH HIGH52834,SCRIPPS RANCH HIGH,San Diego,San Diego,158,68,32
SEASIDE HIGH SCHOOL52048,SEASIDE HIGH SCHOOL,Seaside,Monterey,20,10,3
SECOND HS-BEIJING NORMAL UNIV694375,SECOND HS-BEIJING NORMAL UNIV,,,85,23,9
SEGERSTROM HIGH SCHOOL54018,SEGERSTROM HIGH SCHOOL,Santa Ana,Orange,86,24,4
SEOUL INTERNATIONAL SCHOOL682385,SEOUL INTERNATIONAL SCHOOL,,,67,32,3
SEQUOIA HIGH SCHOOL52605,SEQUOIA HIGH SCHOOL,Redwood City,San Mateo,75,21,4
SERRA HIGH52891,SERRA HIGH,San Diego,San Diego,80,26,12
SERRANO HIGH SCHOOL52437,SERRANO HIGH SCHOOL,Phelan,San Bernardino,34,14,4
SERVITE HIGH SCHOOL50088,SERVITE HIGH SCHOOL,Anaheim,Orange,51,16,4
SHADOW HILLS HIGH SCHOOL54345,SHADOW HILLS HIGH SCHOOL,Indio,Riverside,42,11,4
SHANDONG EXPERIMENTAL HIGH SCH694446,SHANDONG EXPERIMENTAL HIGH SCH,,,74,23,5
SHANGHAI AMERICAN SCH PUDONG694322,SHANGHAI AMERICAN SCH PUDONG,,,43,23,3
SHANGHAI HIGH SCHOOL INTL DIV694242,SHANGHAI HIGH SCHOOL INTL DIV,,,85,35,5
SHANGHAI SMIC PRIVATE SCHOOL694240,SHANGHAI SMIC PRIVATE SCHOOL,,,31,14,3
SHANGHAI STARRIVER BILINGUAL694545,SHANGHAI STARRIVER BILINGUAL,,,62,23,4
SHANGHAI UNITED INTRNTL SCHOOL694510,SHANGHAI UNITED INTRNTL SCHOOL,,,35,9,3
SHANGHAI WORLD FOREIGN LANG MS694434,SHANGHAI WORLD FOREIGN LANG MS,,,151,55,3
SHATIN COLLEGE670884,SHATIN COLLEGE,,,5,3,3
SHENZHEN HOUDE ACADEMY694026,SHENZHEN HOUDE ACADEMY,,,23,8,4
SHENZHEN SENIOR HIGH SCHOOL694603,SHENZHEN SENIOR HIGH SCHOOL,,,51,15,3
SHENZHEN VANKE MEISHA ACADEMY694657,SHENZHEN VANKE MEISHA ACADEMY,,,79,20,12
SHERMAN OAKS CTR ENRCHED STDS52617,SHERMAN OAKS CTR ENRCHED STDS,Reseda,Los Angeles,68,15,3
SIERRA CANYON SCHOOL54038,SIERRA CANYON SCHOOL,Chatsworth,Los Angeles,43,17,6
SILVER CREEK HIGH SCHOOL53100,SILVER CREEK HIGH SCHOOL,San Jose,Santa Clara,96,28,5
SIMI VALLEY HIGH SCHOOL53380,SIMI VALLEY HIGH SCHOOL,Simi Valley,Ventura,62,23,3
SKYLINE HIGH SCHOOL480501,SKYLINE HIGH SCHOOL,Sammamish,WA,69,51,4
SOAR HIGH SCHOOL51869,SOAR HIGH SCHOOL,Lancaster,Los Angeles,48,16,4
SONORA HIGH SCHOOL51327,SONORA HIGH SCHOOL,La Habra,Orange,44,15,3
SOUTH HIGH SCHOOL50223,SOUTH HIGH SCHOOL,Bakersfield,Kern,30,12,4
SOUTH HIGH SCHOOL53522,SOUTH HIGH SCHOOL,Torrance,Los Angeles,139,43,12
SOUTH HILLS HIGH SCHOOL50704,SOUTH HILLS HIGH SCHOOL,West Covina,Los Angeles,40,9,4
SOUTH PASADENA HIGH SCHOOL53410,SOUTH PASADENA HIGH SCHOOL,South Pasadena,Los Angeles,108,41,8
SOUTHLANDS CHRISTIAN HS53681,SOUTHLANDS CHRISTIAN HS,Walnut,Los Angeles,35,13,4
SOUTHSIDE CHRISTIAN SCHOOL410907,SOUTHSIDE CHRISTIAN SCHOOL,Simpsonville,SC,5,4,3
SOUTHWEST HIGH SCHOOL50816,SOUTHWEST HIGH SCHOOL,El Centro,Imperial,46,20,8
SOUTHWEST HIGH SCHOOL52892,SOUTHWEST HIGH SCHOOL,San Diego,San Diego,72,26,11
SOUTHWESTERN ACADEMY53161,SOUTHWESTERN ACADEMY,San Marino,Los Angeles,8,4,3
STEELE CANYON HIGH SCHOOL53613,STEELE CANYON HIGH SCHOOL,Spring Valley,San Diego,78,33,15
STOCKDALE HIGH SCHOOL50217,STOCKDALE HIGH SCHOOL,Bakersfield,Kern,85,39,9
SUFFIELD ACADEMY70765,SUFFIELD ACADEMY,Suffield,CT,12,8,3
SUMMIT HIGH SCHOOL50897,SUMMIT HIGH SCHOOL,Fontana,San Bernardino,60,17,4
SUNNY HILLS HIGH SCHOOL51008,SUNNY HILLS HIGH SCHOOL,Fullerton,Orange,162,50,8
SWEETWATER UNION HIGH SCHOOL52105,SWEETWATER UNION HIGH SCHOOL,National City,San Diego,95,51,33
SYLMAR HIGH SCHOOL52908,SYLMAR HIGH SCHOOL,Sylmar,Los Angeles,32,14,4
TAIPEI AMERICAN SCHOOL694210,TAIPEI AMERICAN SCHOOL,,,76,31,6
TAIPEI WEGO PRIVATE SENIOR HS694536,TAIPEI WEGO PRIVATE SENIOR HS,,,36,20,5
TAIWAN990011,TAIWAN,,,74,23,4
TAMALPAIS HIGH SCHOOL51975,TAMALPAIS HIGH SCHOOL,Mill Valley,Marin,124,45,6
TEMECULA VALLEY HIGH SCHOOL53499,TEMECULA VALLEY HIGH SCHOOL,Temecula,Riverside,100,41,17
TEMESCAL CANYON HIGH SCHOOL51402,TEMESCAL CANYON HIGH SCHOOL,Lake Elsinore,Riverside,56,17,10
TEMPLE CITY HIGH SCHOOL53495,TEMPLE CITY HIGH SCHOOL,Temple City,Los Angeles,188,63,19
TERRA LINDA HIGH SCHOOL53231,TERRA LINDA HIGH SCHOOL,San Rafael,Marin,60,21,3
TESORO HIGH SCHOOL53149,TESORO HIGH SCHOOL,Rancho San Margarit,Orange,131,41,7
THE KINGS ACADEMY51514,THE KINGS ACADEMY,Sunnyvale,Santa Clara,65,25,5
THORNTON ACADEMY200875,THORNTON ACADEMY,Saco,ME,13,3,3
THOUSAND OAKS HIGH SCHOOL53502,THOUSAND OAKS HIGH SCHOOL,Thousand Oaks,Ventura,65,30,9
TORRANCE HIGH SCHOOL53523,TORRANCE HIGH SCHOOL,Torrance,Los Angeles,86,41,13
TORREY PINES HIGH SCHOOL50466,TORREY PINES HIGH SCHOOL,San Diego,San Diego,202,86,30
TRABUCO HILLS HIGH SCHOOL51958,TRABUCO HILLS HIGH SCHOOL,Mission Viejo,Orange,82,25,5
TROY HIGH SCHOOL51009,TROY HIGH SCHOOL,Fullerton,Orange,302,94,16
TULARE UNION HIGH SCHOOL53550,TULARE UNION HIGH SCHOOL,Tulare,Tulare,14,5,3
ULYSSES S GRANT HIGH SCHOOL53633,ULYSSES S GRANT HIGH SCHOOL,Van Nuys,Los Angeles,38,15,3
UNITED KINGDOM990077,UNITED KINGDOM,,,151,73,7
UNIVERSITY CITY HIGH52887,UNIVERSITY CITY HIGH,San Diego,San Diego,148,61,29
UNIVERSITY HIGH SCHOOL51825,UNIVERSITY HIGH SCHOOL,Los Angeles,Los Angeles,55,10,4
UNIVERSITY HIGH SCHOOL51984,UNIVERSITY HIGH SCHOOL,Irvine,Orange,278,84,20
UNIVERSITY PREPARATORY54101,UNIVERSITY PREPARATORY,Victorville,San Bernardino,81,27,5
UPLAND HIGH SCHOOL53586,UPLAND HIGH SCHOOL,Upland,San Bernardino,123,40,8
USC HYBRID HIGH COLLEGE PREP54673,USC HYBRID HIGH COLLEGE PREP,Los Angeles,Los Angeles,15,9,3
VACAVILLE HIGH SCHOOL53595,VACAVILLE HIGH SCHOOL,Vacaville,Solano,34,10,4
VALENCIA HIGH SCHOOL52480,VALENCIA HIGH SCHOOL,Placentia,Orange,125,45,15
VALENCIA HIGH SCHOOL53608,VALENCIA HIGH SCHOOL,Valencia,Los Angeles,118,57,15
VALHALLA HIGH SCHOOL50804,VALHALLA HIGH SCHOOL,El Cajon,San Diego,61,20,9
VALLEY CENTER HIGH SCHOOL53695,VALLEY CENTER HIGH SCHOOL,Valley Center,San Diego,28,8,4
VALLEY CHRISTIAN HIGH SCHOOL53338,VALLEY CHRISTIAN HIGH SCHOOL,San Jose,Santa Clara,158,53,7
VALLEY HIGH SCHOOL53243,VALLEY HIGH SCHOOL,Santa Ana,Orange,47,10,3
VALLEY VIEW HIGH SCHOOL52057,VALLEY VIEW HIGH SCHOOL,Moreno Valley,Riverside,66,17,5
VAN NUYS HIGH SCHOOL53635,VAN NUYS HIGH SCHOOL,Van Nuys,Los Angeles,93,35,5
VAUGHN NEXT CENTURY LEARN CTR54015,VAUGHN NEXT CENTURY LEARN CTR,San Fernando,Los Angeles,26,11,4
VENICE HIGH SCHOOL51828,VENICE HIGH SCHOOL,Los Angeles,Los Angeles,72,20,3
VENTURA HIGH SCHOOL53655,VENTURA HIGH SCHOOL,Ventura,Ventura,51,17,3
VILLA PARK HIGH SCHOOL52279,VILLA PARK HIGH SCHOOL,Villa Park,Orange,69,25,10
VILLAGE SCHOOL443605,VILLAGE SCHOOL,Houston,TX,23,12,5
VISTA DEL LAGO HIGH SCHOOL52216,VISTA DEL LAGO HIGH SCHOOL,Moreno Valley,Riverside,55,21,8
VISTA DEL LAGO HIGH SCHOOL54166,VISTA DEL LAGO HIGH SCHOOL,Folsom,Sacramento,103,38,5
VISTA HIGH SCHOOL53675,VISTA HIGH SCHOOL,Vista,San Diego,45,18,11
VISTA MURRIETA HIGH SCHOOL53004,VISTA MURRIETA HIGH SCHOOL,Murrieta,Riverside,126,36,19
VISTAMAR SCHOOL53973,VISTAMAR SCHOOL,El Segundo,Los Angeles,24,11,3
WALNUT HIGH SCHOOL53676,WALNUT HIGH SCHOOL,Walnut,Los Angeles,251,79,20
WARREN HIGH SCHOOL50771,WARREN HIGH SCHOOL,Downey,Los Angeles,69,35,5
WASHINGTON HIGH SCHOOL50972,WASHINGTON HIGH SCHOOL,Fremont,Alameda,124,39,5
WEST CAMPUS HIGH SCHOOL52728,WEST CAMPUS HIGH SCHOOL,Sacramento,Sacramento,40,12,5
WEST CAREER TECHNICAL ACADEMY290244,WEST CAREER TECHNICAL ACADEMY,Las Vegas,NV,24,15,4
WEST COVINA HIGH SCHOOL53738,WEST COVINA HIGH SCHOOL,West Covina,Los Angeles,81,28,6
WEST HIGH SCHOOL53521,WEST HIGH SCHOOL,Torrance,Los Angeles,147,52,12
WEST HILLS HIGH SCHOOL53381,WEST HILLS HIGH SCHOOL,Santee,San Diego,50,17,8
WEST RANCH HIGH SCHOOL53864,WEST RANCH HIGH SCHOOL,Valencia,Los Angeles,131,62,13
WEST VALLEY HIGH SCHOOL51161,WEST VALLEY HIGH SCHOOL,Hemet,Riverside,55,18,6
WESTCHESTER HIGH SCHOOL51830,WESTCHESTER HIGH SCHOOL,Los Angeles,Los Angeles,31,15,4
WESTERN CENTER ACADEMY54764,WESTERN CENTER ACADEMY,Hemet,Riverside,26,13,5
WESTERN SIERRA COLLEGIATE ACAD54379,WESTERN SIERRA COLLEGIATE ACAD,Rocklin,Placer,32,10,3
WESTLAKE HIGH SCHOOL53503,WESTLAKE HIGH SCHOOL,Westlake Village,Ventura,140,54,6
WESTMINSTER HIGH SCHOOL53739,WESTMINSTER HIGH SCHOOL,Westminster,Orange,119,36,6
WESTMONT HIGH SCHOOL53103,WESTMONT HIGH SCHOOL,Campbell,Santa Clara,85,20,3
WESTMOOR HIGH SCHOOL50723,WESTMOOR HIGH SCHOOL,Daly City,San Mateo,48,21,11
WESTVIEW HIGH SCHOOL52986,WESTVIEW HIGH SCHOOL,San Diego,San Diego,224,102,44
WHEATON ACADEMY144385,WHEATON ACADEMY,West Chicago,IL,8,5,3
WHITNEY HIGH SCHOOL53937,WHITNEY HIGH SCHOOL,Rocklin,Placer,49,21,4
WILLIAM HOWARD TAFT HS53806,WILLIAM HOWARD TAFT HS,Woodland Hills,Los Angeles,73,26,3
WILLIAM J PETE KNIGHT HIGH SCH52491,WILLIAM J PETE KNIGHT HIGH SCH,Palmdale,Los Angeles,53,13,6
WILLIAM S HART HIGH SCHOOL52120,WILLIAM S HART HIGH SCHOOL,Newhall,Los Angeles,56,21,5
WILLOW GLEN HIGH SCHOOL53105,WILLOW GLEN HIGH SCHOOL,San Jose,Santa Clara,62,16,4
WILMER AMINA CARTER HS53855,WILMER AMINA CARTER HS,Rialto,San Bernardino,60,26,6
WINSTON CHURCHILL HIGH SCHOOL210839,WINSTON CHURCHILL HIGH SCHOOL,Potomac,MD,25,17,3
WOODBRIDGE HIGH SCHOOL51274,WOODBRIDGE HIGH SCHOOL,Irvine,Orange,196,67,11
WOODCREEK HIGH SCHOOL52598,WOODCREEK HIGH SCHOOL,Roseville,Placer,40,11,3
WOODROW WILSON HIGH SCHOOL51505,WOODROW WILSON HIGH SCHOOL,Long Beach,Los Angeles,104,42,5
WUHAN FOREIGN LANGUAGES SCHOOL694471,WUHAN FOREIGN LANGUAGES SCHOOL,,,141,42,9
XAVIER COLLEGE PREPARATORY HS54103,XAVIER COLLEGE PREPARATORY HS,Palm Desert,Riverside,39,9,4
YORBA LINDA HIGH SCHOOL54321,YORBA LINDA HIGH SCHOOL,Yorba Linda,Orange,103,26,7
YUCAIPA SENIOR HIGH SCHOOL53820,YUCAIPA SENIOR HIGH SCHOOL,Yucaipa,San Bernardino,35,11,3
